Indicateur,LightGBM,XGBoost,Prophet,ENSEMBLE
Homicides,-14.866150350667741,187.80597609141782,4.150752703040485,49.73886819269957
Tentatives d'homicid,-6.959109579662503,187.80597609141782,22.81710633993137,57.42565930558037
V.physiques ,210.69132039961363,187.80597609141782,562.147547138363,274.11696245490475
V.physiques ,209.36307102156712,187.80597609141782,458.51013919025394,252.7253561762597
V.sexuelles,104.91392155466504,187.80597609141782,269.79347430137153,162.75744846503216
