Indicateur,LightGBM,XGBoost,Prophet,ENSEMBLE
Homicides,-14.866150350667741,187.80597609141782,4.256992555477889,49.76011616318705
Tentatives d'homicid,-6.959109579662503,187.80597609141782,22.02133478442743,57.26650499447958
V.physiques ,210.69132039961363,187.80597609141782,573.5756707135538,276.40258716994293
V.physiques ,209.36307102156712,187.80597609141782,441.64004093825133,249.35133652585915
V.sexuelles,104.91392155466504,187.80597609141782,271.56822712491294,163.11239902974046
